issueLevel,agency,id,productName,destination,selectableDates,flightStatus,flightSummary,missingFields,sourceVerificationStatus,sourceVerificationNote,dataStatus,priceLabel,bookingStatus,sourceUrl,nextAction
"medium","東南旅遊","東南旅遊-15","【典藏北歐】尋訪極光、冬遊羅浮敦群島、特羅姆瑟、馴鹿農場、雪橇12日","芬蘭","02-41、2-86、67-81","official-not-disclosed","官方商品頁目前未公開完整航班；東南頁面可查產品、價格與日期，班號與航段時間需以行前說明或客服確認","預計航班、報名狀態","verified","官方頁標題與商品名稱可對應；相似度 100%","partial","NT$219,900 起","來源列表未揭露；需進商品頁確認","https://tour.settour.com.tw/product/GFG0000035161","官方頁未公開完整航班；保留為可比較商品，但不得視為已完成航班查核"
"medium","東南旅遊","東南旅遊-16","【典藏北歐】極光屋保證入住、破冰船、極地特快車、帝王蟹、馴鹿雪橇11日","芬蘭","02-41、2-86、67-81","official-not-disclosed","官方商品頁目前未公開完整航班；東南頁面可查產品、價格與日期，班號與航段時間需以行前說明或客服確認","預計航班、報名狀態","verified","官方頁標題與商品名稱可對應；相似度 100%","partial","NT$196,900 起","來源列表未揭露；需進商品頁確認","https://tour.settour.com.tw/product/GFG0000033725","官方頁未公開完整航班；保留為可比較商品，但不得視為已完成航班查核"
"medium","東南旅遊","東南旅遊-17","【典藏北歐】極光追尋、滑雪、薩米博物館、雪橇、聖誕老人村、破冰船12日","芬蘭","02-41、2-86、67-81","official-not-disclosed","官方商品頁目前未公開完整航班；東南頁面可查產品、價格與日期，班號與航段時間需以行前說明或客服確認","預計航班、報名狀態","verified","官方頁標題與商品名稱可對應；相似度 100%","partial","NT$209,900 起","來源列表未揭露；需進商品頁確認","https://tour.settour.com.tw/product/GFG0000034369","官方頁未公開完整航班；保留為可比較商品，但不得視為已完成航班查核"
"medium","東南旅遊","東南旅遊-18","【典藏冰島】冬遊尋極光、絕美藍冰洞、金環之旅、藍湖溫泉、倫敦之旅9日","冰島","02-41、2-86、67-81","official-not-disclosed","官方商品頁目前未公開完整航班；東南頁面可查產品、價格與日期，班號與航段時間需以行前說明或客服確認","預計航班、報名狀態","verified","官方頁標題與商品名稱可對應；相似度 100%","partial","NT$169,900 起","來源列表未揭露；需進商品頁確認","https://tour.settour.com.tw/product/GFG0000030729","官方頁未公開完整航班；保留為可比較商品，但不得視為已完成航班查核"
"medium","東南旅遊","東南旅遊-19","【幸福極光】冰島旅遊｜藍湖溫泉．冰川健行．金環．塞納河遊船饗宴10日","冰島","02-41、2-86、67-81","official-not-disclosed","官方商品頁目前未公開完整航班；東南頁面可查產品、價格與日期，班號與航段時間需以行前說明或客服確認","預計航班、報名狀態","verified","官方頁標題與商品名稱可對應；相似度 100%","partial","NT$158,900 起","來源列表未揭露；需進商品頁確認","https://tour.settour.com.tw/product/GFG0000024754","官方頁未公開完整航班；保留為可比較商品，但不得視為已完成航班查核"
"medium","東南旅遊","東南旅遊-20","【玩美加族】星辰公主遊輪~阿拉斯加冰河景緻.黃刀精靈極光15日","黃刀鎮","02-41、2-86、67-81","official-not-disclosed","官方商品頁目前未公開完整航班；東南頁面可查產品、價格與日期，班號與航段時間需以行前說明或客服確認","預計航班、報名狀態","verified","官方頁標題與商品名稱可對應；相似度 54%","partial","NT$196,900 起","來源列表未揭露；需進商品頁確認","https://tour.settour.com.tw/product/GFG0000034779","官方頁未公開完整航班；保留為可比較商品，但不得視為已完成航班查核"
"medium","東南旅遊","東南旅遊-21","【美麗星世界】黃刀極光3晚、城堡飯店、硫磺山纜車、西雅圖太空針塔12日","黃刀鎮","02-41、2-86、67-81","official-not-disclosed","官方商品頁目前未公開完整航班；東南頁面可查產品、價格與日期，班號與航段時間需以行前說明或客服確認","預計航班、報名狀態","verified","官方頁標題與商品名稱可對應；相似度 100%","partial","NT$168,900 起","來源列表未揭露；需進商品頁確認","https://tour.settour.com.tw/product/GFG0000034734","官方頁未公開完整航班；保留為可比較商品，但不得視為已完成航班查核"
"medium","東南旅遊","東南旅遊-22","【神采飛羊】微奢北歐、極光屋必住、破冰船探險、極地特快車、帝王蟹11日","芬蘭","8/31、10/31、02-41、2-86、67-81","official-not-disclosed","官方商品頁目前未公開完整航班；東南頁面可查產品、價格與日期，班號與航段時間需以行前說明或客服確認","預計航班","verified","官方頁標題與商品名稱可對應；相似度 100%","available","NT$236,900 起","報名","https://tour.settour.com.tw/product/GFG0000034607","官方頁未公開完整航班；保留為可比較商品，但不得視為已完成航班查核"
"medium","東南旅遊","東南旅遊-23","【喜羊迎春】加拿大黃刀鎮極光.露易絲湖城堡飯店.洛磯山脈四大公園12日","黃刀鎮","2027 新春早鳥；實際出發日需於商品頁選日期確認","official-not-disclosed","官方商品頁目前未公開完整航班；東南頁面可查產品、價格與日期，班號與航段時間需以行前說明或客服確認","預計航班","verified","官方頁標題與商品名稱可對應；相似度 100%","available","NT$205,900 起","報名","https://tour.settour.com.tw/product/GFG0000034913","官方頁未公開完整航班；保留為可比較商品，但不得視為已完成航班查核"
"medium","東南旅遊","東南旅遊-24","【喜羊迎春】微奢北歐、極光玻璃木屋、極地特快車、帝王蟹、馴鹿雪橇11日","芬蘭","10/31、8/31、02-41、2-86、67-81","official-not-disclosed","官方商品頁目前未公開完整航班；東南頁面可查產品、價格與日期，班號與航段時間需以行前說明或客服確認","預計航班","verified","官方頁標題與商品名稱可對應；相似度 100%","available","NT$226,900 起","報名","https://tour.settour.com.tw/product/GFG0000035083","官方頁未公開完整航班；保留為可比較商品，但不得視為已完成航班查核"
"medium","東南旅遊","東南旅遊-25","【喜羊迎春】微奢北歐、雙享極光屋保住、破冰船、聖誕老人村、滑雪樂11日","芬蘭","2027 新春早鳥；實際出發日需於商品頁選日期確認","official-not-disclosed","官方商品頁目前未公開完整航班；東南頁面可查產品、價格與日期，班號與航段時間需以行前說明或客服確認","預計航班","verified","官方頁標題與商品名稱可對應；相似度 100%","available","NT$249,900 起","報名","https://tour.settour.com.tw/product/GFG0000034234","官方頁未公開完整航班；保留為可比較商品，但不得視為已完成航班查核"
"medium","東南旅遊","東南旅遊-26","【華麗歐洲】英荷冰島夢幻極光10日、極光船、藍湖溫泉、藍冰洞、騎冰島馬","冰島","02-41、2-86、67-81","official-not-disclosed","官方商品頁目前未公開完整航班；東南頁面可查產品、價格與日期，班號與航段時間需以行前說明或客服確認","預計航班、報名狀態","verified","官方頁標題與商品名稱可對應；相似度 100%","partial","NT$180,900 起","來源列表未揭露；需進商品頁確認","https://tour.settour.com.tw/product/GFG0000030764","官方頁未公開完整航班；保留為可比較商品，但不得視為已完成航班查核"
"medium","東南旅遊","東南旅遊-27","【超值北歐】極光奇遇趣、冰雪世界、帝王蟹、聖誕老人村、哈士奇牧場10日","芬蘭","02-41、2-86、67-81","official-not-disclosed","官方商品頁目前未公開完整航班；東南頁面可查產品、價格與日期，班號與航段時間需以行前說明或客服確認","預計航班、報名狀態","verified","官方頁標題與商品名稱可對應；相似度 100%","partial","NT$139,900 起","來源列表未揭露；需進商品頁確認","https://tour.settour.com.tw/product/GFG0000033870","官方頁未公開完整航班；保留為可比較商品，但不得視為已完成航班查核"
"medium","東南旅遊","東南旅遊-28","【微奢北歐】極光屋保證入住、破冰船、極地特快車、帝王蟹、馴鹿雪橇11日","芬蘭","02-41、2-86、67-81","official-not-disclosed","官方商品頁目前未公開完整航班；東南頁面可查產品、價格與日期，班號與航段時間需以行前說明或客服確認","預計航班、報名狀態","verified","官方頁標題與商品名稱可對應；相似度 100%","partial","NT$202,900 起","來源列表未揭露；需進商品頁確認","https://tour.settour.com.tw/product/GFG0000034402","官方頁未公開完整航班；保留為可比較商品，但不得視為已完成航班查核"
"medium","東南旅遊","東南旅遊-29","【精選北歐】極光屋保證入住、極地特快車、馴鹿雪橇、捕撈帝王蟹之旅10日","芬蘭","02-41、2-86、67-81","official-not-disclosed","官方商品頁目前未公開完整航班；東南頁面可查產品、價格與日期，班號與航段時間需以行前說明或客服確認","預計航班、報名狀態","verified","官方頁標題與商品名稱可對應；相似度 100%","partial","NT$166,900 起","來源列表未揭露；需進商品頁確認","https://tour.settour.com.tw/product/GFG0000034077","官方頁未公開完整航班；保留為可比較商品，但不得視為已完成航班查核"
"medium","東南旅遊","東南旅遊-30","【精選北歐】馴鹿雪橇、破冰船、冰雪世界、極地特快車、雙飛共舞極光11日","芬蘭","02-41、2-86、67-81","official-not-disclosed","官方商品頁目前未公開完整航班；東南頁面可查產品、價格與日期，班號與航段時間需以行前說明或客服確認","預計航班、報名狀態","verified","官方頁標題與商品名稱可對應；相似度 100%","partial","NT$159,900 起","來源列表未揭露；需進商品頁確認","https://tour.settour.com.tw/product/GFG0000035081","官方頁未公開完整航班；保留為可比較商品，但不得視為已完成航班查核"
"medium","東南旅遊","東南旅遊-31","【舞動極光】加拿大黃刀鎮極光.露易絲湖城堡飯店.洛磯山脈12日(CI)","黃刀鎮","02-41、2-86、67-81","airline-or-partial-only","中華航空 CI；產品名稱可讀航空線索，完整航段需進商品頁確認","預計航班、報名狀態","verified","官方頁標題與商品名稱可對應；相似度 100%","partial","NT$183,900 起","來源列表未揭露；需進商品頁確認","https://tour.settour.com.tw/product/GFG0000034837","已取得航空公司或部分航班線索；需補完整航段與時間"
"medium","東南旅遊","東南旅遊-32","【舞動極光】加拿大黃刀鎮極光.露易絲湖城堡飯店.洛磯山脈12日(JX)","黃刀鎮","02-41、2-86、67-81","airline-or-partial-only","星宇航空 JX；產品名稱可讀航空線索，完整航段需進商品頁確認","預計航班、報名狀態","verified","官方頁標題與商品名稱可對應；相似度 100%","partial","NT$183,900 起","來源列表未揭露；需進商品頁確認","https://tour.settour.com.tw/product/GFG0000034818","已取得航空公司或部分航班線索；需補完整航段與時間"
"medium","東南旅遊","東南旅遊-33","【魅力歐洲】冰島魔幻極光藍冰洞英倫9天","冰島","02-41、2-86、67-81","airline-or-partial-only","長榮航空；官方頁可讀航空線索，完整航段需進商品頁確認","預計航班、報名狀態","verified","官方頁標題與商品名稱可對應；相似度 100%","partial","NT$179,900 起","來源列表未揭露；需進商品頁確認","https://tour.settour.com.tw/product/GFG0000030907","已取得航空公司或部分航班線索；需補完整航段與時間"
"medium","東南旅遊","東南旅遊-34","【魅力歐洲】夢幻北歐、芬蘭賞極光、夢幻極光屋、時尚巴黎12天","芬蘭","02-41、2-86、67-81","official-not-disclosed","官方商品頁目前未公開完整航班；東南頁面可查產品、價格與日期，班號與航段時間需以行前說明或客服確認","預計航班、報名狀態","verified","官方頁標題與商品名稱可對應；相似度 100%","partial","NT$213,900 起","來源列表未揭露；需進商品頁確認","https://tour.settour.com.tw/product/GFG0000030752","官方頁未公開完整航班；保留為可比較商品，但不得視為已完成航班查核"
"medium","東南旅遊","東南旅遊-35","【魅力歐洲】繽紛北歐、冰島魔幻冰洞、芬蘭極地秘境、賞極光旗艦14天","芬蘭","02-41、2-86、67-81","official-not-disclosed","官方商品頁目前未公開完整航班；東南頁面可查產品、價格與日期，班號與航段時間需以行前說明或客服確認","預計航班、報名狀態","verified","官方頁標題與商品名稱可對應；相似度 100%","partial","NT$275,900 起","來源列表未揭露；需進商品頁確認","https://tour.settour.com.tw/product/GFG0000030756","官方頁未公開完整航班；保留為可比較商品，但不得視為已完成航班查核"
"medium","東南旅遊","東南旅遊-36","【聰明玩家】加拿大黃刀鎮極光.露易絲湖城堡飯店.洛磯山脈12日(BR)","黃刀鎮","02-41、2-86、67-81","airline-or-partial-only","長榮航空 BR；產品名稱可讀航空線索，完整航段需進商品頁確認","預計航班、報名狀態","verified","官方頁標題與商品名稱可對應；相似度 100%","partial","NT$191,900 起","來源列表未揭露；需進商品頁確認","https://tour.settour.com.tw/product/GFG0000035076","已取得航空公司或部分航班線索；需補完整航段與時間"
"medium","東南旅遊","東南旅遊-37","玩美加族～阿拉斯加幸福極光之旅8日","阿拉斯加","來源專題頁未列出可選日期；需進商品頁選日期確認","partial-flight-text","TG、JX、CI、BR、長榮航空；詳細班號仍以商品頁完整行程為準","報名狀態","verified","官方頁標題與商品名稱可對應；相似度 100%","partial","NT$116,900 起","來源列表未揭露；需進商品頁確認","https://tour.settour.com.tw/product/GFG0000034380","目前可作推薦排序資料使用"
"medium","東南旅遊","東南旅遊-38","玩美加族～阿拉斯加幸福極光金色大地之旅+珍娜河遊船8日","阿拉斯加","來源專題頁未列出可選日期；需進商品頁選日期確認","partial-flight-text","TG、JX、CI、BR、長榮航空；詳細班號仍以商品頁完整行程為準","報名狀態","verified","官方頁標題與商品名稱可對應；相似度 100%","partial","NT$119,900 起","來源列表未揭露；需進商品頁確認","https://tour.settour.com.tw/product/GFG0000034705","目前可作推薦排序資料使用"
"medium","東南旅遊","東南旅遊-39","玩美加族~黃刀秋賞極光3晚、玻璃帳篷、卡梅倫瀑布健行、雙城10日","黃刀鎮","來源專題頁未列出可選日期；需進商品頁選日期確認","partial-flight-text","TG、JX、CI、BR、長榮航空；詳細班號仍以商品頁完整行程為準","報名狀態","verified","官方頁標題與商品名稱可對應；相似度 100%","partial","NT$138,900 起","來源列表未揭露；需進商品頁確認","https://tour.settour.com.tw/product/GFG0000034394","目前可作推薦排序資料使用"
"medium","東南旅遊","東南旅遊-40","玩美加族~黃刀鎮賞極光3晚、景觀帳篷營地、狗拉雪橇、美加雙城10日","黃刀鎮","來源專題頁未列出可選日期；需進商品頁選日期確認","partial-flight-text","TG、JX、CI、BR、長榮航空；詳細班號仍以商品頁完整行程為準","報名狀態","verified","官方頁標題與商品名稱可對應；相似度 100%","partial","NT$136,900 起","來源列表未揭露；需進商品頁確認","https://tour.settour.com.tw/product/GFG0000034799","目前可作推薦排序資料使用"
"medium","東南旅遊","東南旅遊-41","美麗星世界～阿拉斯加極光(三晚)、極光列車、冰川健行體驗、珍娜溫泉十日","阿拉斯加","來源專題頁未列出可選日期；需進商品頁選日期確認","partial-flight-text","TG、JX、CI、BR、長榮航空；詳細班號仍以商品頁完整行程為準","報名狀態","verified","官方頁標題與商品名稱可對應；相似度 100%","partial","NT$139,900 起","來源列表未揭露；需進商品頁確認","https://tour.settour.com.tw/product/GFG0000027243","目前可作推薦排序資料使用"
"medium","東南旅遊","東南旅遊-42","TG~【極光追尋】挪威、芬蘭、瑞典極光、帝王蟹、冰湖漂浮、馴鹿雪撬、極","芬蘭","02-41、2-86、67-81","airline-or-partial-only","泰國航空 TG；產品名稱可讀航空線索，完整航段需進商品頁確認","預計航班、報名狀態","verified","官方頁標題與商品名稱可對應；相似度 100%","partial","NT$167,900 起","來源列表未揭露；需進商品頁確認","https://tour.settour.com.tw/product/GFG0000034940","已取得航空公司或部分航班線索；需補完整航段與時間"
"medium","雄獅旅遊","雄獅旅遊-43","加拿大-冬季旗艦黃刀鎮4日，極光觀賞3晚，三大冰上活動｜四日遊【贈機場接送+送小費】【COACH TOUR】","黃刀鎮","活動商品；可選日期需進活動頁確認","airline-or-partial-only","QR；完整航段仍以商品頁為準","報名狀態","verified","官方頁標題與商品名稱可對應；相似度 100%","partial","TWD 1,508 起","官方專題列表未揭露；需進商品頁確認","https://activity.liontravel.com/detail/25O002-%E5%8A%A0%E6%8B%BF%E5%A4%A7-%E5%86%AC%E5%AD%A3%E6%97%97%E8%89%A6%E9%BB%83%E5%88%80%E9%8E%AE4%E6%97%A5-%E6%A5%B5%E5%85%89%E8%A7%80%E8%B3%9E3%E6%99%9A-%E4%B8%89%E5%A4%A7%E5%86%B0%E4%B8%8A%E6%B4%BB%E5%8B%95-%E5%9B%9B%E6%97%A5%E9%81%8A%E3%80%90%E8%B4%88%E6%A9%9F%E5%A0%B4%E6%8E%A5%E9%80%81-%E9%80%81%E5%B0%8F%E8%B2%BB%E3%80%91%E3%80%90COACHTOUR%E3%80%91?Foreign=1","已取得航空公司或部分航班線索；需補完整航段與時間"
"medium","雄獅旅遊","雄獅旅遊-44","加拿大-秋季旗艦黃刀鎮4日，極光觀賞3晚，瀑布健行｜四日遊【贈機場接送+送小費】【COACH TOUR】","黃刀鎮","活動商品；可選日期需進活動頁確認","airline-or-partial-only","QR；完整航段仍以商品頁為準","報名狀態","verified","官方頁標題與商品名稱可對應；相似度 100%","partial","TWD 25,399 起","官方專題列表未揭露；需進商品頁確認","https://activity.liontravel.com/detail/256010-%E5%8A%A0%E6%8B%BF%E5%A4%A7-%E7%A7%8B%E5%AD%A3%E6%97%97%E8%89%A6%E9%BB%83%E5%88%80%E9%8E%AE4%E6%97%A5-%E6%A5%B5%E5%85%89%E8%A7%80%E8%B3%9E3%E6%99%9A-%E7%80%91%E5%B8%83%E5%81%A5%E8%A1%8C-%E5%9B%9B%E6%97%A5%E9%81%8A%E3%80%90%E8%B4%88%E6%A9%9F%E5%A0%B4%E6%8E%A5%E9%80%81-%E9%80%81%E5%B0%8F%E8%B2%BB%E3%80%91%E3%80%90COACHTOUR%E3%80%91?Foreign=1","已取得航空公司或部分航班線索；需補完整航段與時間"
"medium","雄獅旅遊","雄獅旅遊-45","加拿大-經典黃刀鎮4日，極光觀賞3晚，安排最佳酒店｜四日遊【贈機場接送+送小費】【COACH TOUR】","黃刀鎮","活動商品；可選日期需進活動頁確認","airline-or-partial-only","QR；完整航段仍以商品頁為準","報名狀態","verified","官方頁標題與商品名稱可對應；相似度 100%","partial","TWD 2,756 起","官方專題列表未揭露；需進商品頁確認","https://activity.liontravel.com/detail/259017-%E5%8A%A0%E6%8B%BF%E5%A4%A7-%E7%B6%93%E5%85%B8%E9%BB%83%E5%88%80%E9%8E%AE4%E6%97%A5-%E6%A5%B5%E5%85%89%E8%A7%80%E8%B3%9E3%E6%99%9A-%E5%AE%89%E6%8E%92%E6%9C%80%E4%BD%B3%E9%85%92%E5%BA%97-%E5%9B%9B%E6%97%A5%E9%81%8A%E3%80%90%E8%B4%88%E6%A9%9F%E5%A0%B4%E6%8E%A5%E9%80%81-%E9%80%81%E5%B0%8F%E8%B2%BB%E3%80%91%E3%80%90COACHTOUR%E3%80%91?Foreign=1","已取得航空公司或部分航班線索；需補完整航段與時間"
"low","可樂旅遊","可樂旅遊-74","【冰島幸福極光、限量加價商務艙】藍色溫泉湖、雪上摩拖車、黃金線遊輪、五星飯店乙晚10日","冰島","12/12","has-flight-times","去程 土耳其航空 TK：2026/12/12 22:00 台北(桃園) → 05:50 伊斯坦堡；回程 土耳其航空 TK：2026/12/21 01:55 伊斯坦堡 → 17:40 台北(桃園)；實際以行前說明資料為準","報名狀態","verified","官方頁標題與商品名稱可對應；相似度 100%","partial","NT$158,900 起","來源列表未揭露；需進商品頁確認","https://tour.colatour.com.tw/itinerary?PatternNo=243150","目前可作推薦排序資料使用"
"low","可樂旅遊","可樂旅遊-75","【吉羊賀歲、預購減3000】阿拉斯加極光、三晚極光旅行、狗拉雪橇體驗、珍娜溫泉泡湯八日","阿拉斯加","02/03、02/04、02/06","has-flight-times","去程 星宇航空 JX：2027/02/03 20:30 台北(桃園) → 15:05 西雅圖；回程 星宇航空 JX：2027/02/08 23:45 西雅圖 → 04:55+2 台北(桃園)；實際以行前說明資料為準","報名狀態","verified","官方頁標題與商品名稱可對應；相似度 100%","partial","NT$112,800 起","來源列表未揭露；需進商品頁確認","https://tour.colatour.com.tw/itinerary?PatternNo=242350","目前可作推薦排序資料使用"
"low","可樂旅遊","可樂旅遊-76","【吉羊賀歲、預購減3000】阿拉斯加極光、玻璃極光屋乙晚、三晚追逐極光、狗拉雪橇體驗、珍娜溫泉泡湯八日","阿拉斯加","02/04","has-flight-times","去程 星宇航空 JX：2027/02/04 20:30 台北(桃園) → 15:05 西雅圖；回程 星宇航空 JX：2027/02/09 23:45 西雅圖 → 04:55+2 台北(桃園)；實際以行前說明資料為準","報名狀態","verified","官方頁標題與商品名稱可對應；相似度 100%","partial","NT$125,800 起","來源列表未揭露；需進商品頁確認","https://tour.colatour.com.tw/itinerary?PatternNo=240876","目前可作推薦排序資料使用"
"low","可樂旅遊","可樂旅遊-77","【吉羊賀歲、預購減3000】黃刀鎮極光(三晚)、狗拉雪橇體驗、愛戀溫哥華、浪漫西雅圖10日","黃刀鎮","02/04、02/06","has-flight-times","去程 星宇航空 JX：2027/02/04 20:30 台北(桃園) → 15:05 西雅圖；回程 星宇航空 JX：2027/02/11 23:45 西雅圖 → 04:55+2 台北(桃園)；實際以行前說明資料為準","報名狀態","verified","官方頁標題與商品名稱可對應；相似度 100%","partial","NT$152,800 起","來源列表未揭露；需進商品頁確認","https://tour.colatour.com.tw/itinerary?PatternNo=242007","目前可作推薦排序資料使用"
"low","可樂旅遊","可樂旅遊-78","【吉羊賀歲、預購減5000】冰島幸福極光、溫泉冰河湖、藍冰洞極光船、金環風景線、香榭巴黎住兩晚10日","冰島","02/03、02/04","has-flight-times","去程 長榮航空 BR：2027/02/03 23:05 台北(桃園) → 08:00 戴高樂(巴黎)；回程 長榮航空 BR：2027/02/11 11:20 戴高樂(巴黎) → 07:20 台北(桃園)；實際以行前說明資料為準","報名狀態","verified","官方頁標題與商品名稱可對應；相似度 100%","partial","NT$225,900 起","來源列表未揭露；需進商品頁確認","https://tour.colatour.com.tw/itinerary?PatternNo=241810","目前可作推薦排序資料使用"
"low","可樂旅遊","可樂旅遊-79","【吉羊賀歲、預購減5000】芬蘭幸福極光、兩晚玻璃極光屋、帝王蟹破冰船、星空夜臥火車、冰原歷險體驗11日","芬蘭","02/05、02/06","has-flight-times","去程 阿聯酋航空 EK：2027/02/05 23:00 台北(桃園) → 04:55 杜拜；回程 阿聯酋航空 EK：2027/02/15 03:40 杜拜 → 15:35 台北(桃園)；實際以行前說明資料為準","報名狀態","verified","官方頁標題與商品名稱可對應；相似度 100%","partial","NT$241,900 起","來源列表未揭露；需進商品頁確認","https://tour.colatour.com.tw/itinerary?PatternNo=241075","目前可作推薦排序資料使用"
"low","可樂旅遊","可樂旅遊-80","【吉羊賀歲、預購減5000】芬蘭幸福極光、兩晚森林極光屋、波羅的海遊輪、星空夜臥火車10日","芬蘭","02/06","has-flight-times","去程 土耳其航空 TK：2027/02/06 22:00 台北(桃園) → 05:50 伊斯坦堡；回程 土耳其航空 TK：2027/02/15 01:55 伊斯坦堡 → 17:40 台北(桃園)；實際以行前說明資料為準","報名狀態","verified","官方頁標題與商品名稱可對應；相似度 100%","partial","NT$215,900 起","來源列表未揭露；需進商品頁確認","https://tour.colatour.com.tw/itinerary?PatternNo=241459","目前可作推薦排序資料使用"
"low","可樂旅遊","可樂旅遊-81","【吉羊賀歲、預購減5000】黃刀鎮極光(三晚)、狗拉雪橇體驗、四大國家公園、露易絲湖城堡12日","黃刀鎮","02/03","has-flight-times","去程 長榮航空 BR：2027/02/03 23:40 台北(桃園) → 18:10 西雅圖；回程 長榮航空 BR：2027/02/13 00:10 西雅圖 → 05:20 台北(桃園)；實際以行前說明資料為準","報名狀態","verified","官方頁標題與商品名稱可對應；相似度 100%","partial","NT$182,800 起","來源列表未揭露；需進商品頁確認","https://tour.colatour.com.tw/itinerary?PatternNo=242111","目前可作推薦排序資料使用"
"low","可樂旅遊","可樂旅遊-82","【芬蘭幸福極光、限量加價商務艙】三晚玻璃極光屋、帝王蟹破冰船、星空夜臥火車、冰原歷險體驗11日","芬蘭","01/14、01/28、02/11","has-flight-times","去程 土耳其航空 TK：2027/01/14 22:00 台北(桃園) → 05:50 伊斯坦堡；回程 土耳其航空 TK：2027/01/24 01:55 伊斯坦堡 → 17:40 台北(桃園)；實際以行前說明資料為準","報名狀態","verified","官方頁標題與商品名稱可對應；相似度 100%","partial","NT$220,900 起","來源列表未揭露；需進商品頁確認","https://tour.colatour.com.tw/itinerary?PatternNo=242515","目前可作推薦排序資料使用"
"low","可樂旅遊","可樂旅遊-83","【芬蘭幸福極光、限量加價商務艙】兩晚玻璃極光屋、帝王蟹破冰船、星空夜臥火車、冰原歷險體驗11日","芬蘭","03/25","has-flight-times","去程 土耳其航空 TK：2027/03/25 22:00 台北(桃園) → 05:50 伊斯坦堡；回程 土耳其航空 TK：2027/04/04 01:30 伊斯坦堡 → 17:55 台北(桃園)；實際以行前說明資料為準","報名狀態","verified","官方頁標題與商品名稱可對應；相似度 100%","partial","NT$217,900 起","來源列表未揭露；需進商品頁確認","https://tour.colatour.com.tw/itinerary?PatternNo=242517","目前可作推薦排序資料使用"
"low","可樂旅遊","可樂旅遊-84","【芬蘭幸福極光、限量加價商務艙】兩晚極光屋、波羅的海遊輪、聖誕老人村、星空夜臥火車10日","芬蘭","01/25","has-flight-times","去程 土耳其航空 TK：2027/01/25 22:00 台北(桃園) → 05:50 伊斯坦堡；回程 土耳其航空 TK：2027/02/03 01:55 伊斯坦堡 → 17:40 台北(桃園)；實際以行前說明資料為準","報名狀態","verified","官方頁標題與商品名稱可對應；相似度 100%","partial","NT$185,900 起","來源列表未揭露；需進商品頁確認","https://tour.colatour.com.tw/itinerary?PatternNo=242784","目前可作推薦排序資料使用"
"low","可樂旅遊","可樂旅遊-85","【芬蘭幸福極光、限量加價商務艙】森林極光樹屋、波羅的海遊輪、聖誕老人村、星空夜臥火車10日","芬蘭","01/02","has-flight-times","去程 土耳其航空 TK：2027/01/02 22:00 台北(桃園) → 05:50 伊斯坦堡；回程 土耳其航空 TK：2027/01/11 01:55 伊斯坦堡 → 17:40 台北(桃園)；實際以行前說明資料為準","報名狀態","verified","官方頁標題與商品名稱可對應；相似度 100%","partial","NT$171,900 起","來源列表未揭露；需進商品頁確認","https://tour.colatour.com.tw/itinerary?PatternNo=242514","目前可作推薦排序資料使用"
"low","可樂旅遊","可樂旅遊-86","【限時搶GO冰島】藍湖地熱溫泉、金環風景線、冰島馬秀、Outlet購物去、雙首都自由活動10日","冰島","11/08、11/17","has-flight-times","去程 中華航空 CI：2026/11/08 23:05 台北(桃園) → 07:50 阿姆斯特丹；回程 中華航空 CI：2026/11/16 10:40 阿姆斯特丹 → 06:35 台北(桃園)；實際以行前說明資料為準","報名狀態","verified","官方頁標題與商品名稱可對應；相似度 100%","partial","NT$126,900 起","來源列表未揭露；需進商品頁確認","https://tour.colatour.com.tw/itinerary?PatternNo=243021","目前可作推薦排序資料使用"
"low","可樂旅遊","可樂旅遊-87","【歐洲日送100歐元】冰島幸福極光～藍湖地熱溫泉、冰川健行體驗、金環風景線、三晚慕尼黑住宿10日","冰島","01/11、02/15","has-flight-times","去程 長榮航空 BR：2027/01/11 23:25 台北(桃園) → 07:35 慕尼黑；回程 長榮航空 BR：2027/01/19 11:30 慕尼黑 → 06:30 台北(桃園)；實際以行前說明資料為準","報名狀態","verified","官方頁標題與商品名稱可對應；相似度 100%","partial","NT$148,900 起","來源列表未揭露；需進商品頁確認","https://tour.colatour.com.tw/itinerary?PatternNo=243574","目前可作推薦排序資料使用"
"low","可樂旅遊","可樂旅遊-88","【雙主題體驗、早鳥享優惠】阿拉斯加極光、黃石深度紀行、五大國家公園、六大私房秘境15日","阿拉斯加","10/08","has-flight-times","去程 中華航空 CI：2026/09/24 23:30 台北(桃園) → 19:15 西雅圖；回程 中華航空 CI：2026/10/07 00:10 洛杉磯(安大略機場) → 05:15 台北(桃園)；實際以行前說明資料為準","報名狀態","verified","官方頁標題與商品名稱可對應；相似度 100%","partial","NT$208,800 起","來源列表未揭露；需進商品頁確認","https://tour.colatour.com.tw/itinerary?PatternNo=238519","目前可作推薦排序資料使用"
"low","可樂旅遊","可樂旅遊-89","【雙主題體驗、早鳥享優惠】黃刀鎮極光(三晚)、狗拉雪橇體驗、四大國家公園、露易絲湖城堡11日","黃刀鎮","11/19、11/27、01/21","has-flight-times","去程 中華航空 CI：2026/11/19 23:55 台北(桃園) → 19:20 溫哥華；回程 中華航空 CI：2026/11/28 01:35 溫哥華 → 05:40 台北(桃園)；實際以行前說明資料為準","報名狀態","verified","官方頁標題與商品名稱可對應；相似度 100%","partial","NT$168,800 起","來源列表未揭露；需進商品頁確認","https://tour.colatour.com.tw/itinerary?PatternNo=243246","目前可作推薦排序資料使用"
"low","可樂旅遊","可樂旅遊-90","【雙主題體驗、早鳥享優惠】黃刀鎮極光(三晚)、狗拉雪橇體驗、四大國家公園、露易絲湖城堡12日","黃刀鎮","11/17、11/24、12/01","has-flight-times","去程 長榮航空 BR：2026/11/17 23:00 台北(桃園) → 17:30 西雅圖；回程 長榮航空 BR：2026/11/26 23:30 西雅圖 → 04:40+2 台北(桃園)；實際以行前說明資料為準","報名狀態","verified","官方頁標題與商品名稱可對應；相似度 100%","partial","NT$168,800 起","來源列表未揭露；需進商品頁確認","https://tour.colatour.com.tw/itinerary?PatternNo=240857","目前可作推薦排序資料使用"
"low","可樂旅遊","可樂旅遊-91","【雙主題體驗、早鳥享優惠】黃刀鎮極光(三晚)、特色極光營地、四大國家公園、兩晚班夫小鎮12日","黃刀鎮","10/16","has-flight-times","去程 長榮航空 BR：2026/10/16 23:40 台北(桃園) → 19:20 西雅圖；回程 長榮航空 BR：2026/10/26 01:10 西雅圖 → 05:20 台北(桃園)；實際以行前說明資料為準","報名狀態","verified","官方頁標題與商品名稱可對應；相似度 100%","partial","NT$168,800 起","來源列表未揭露；需進商品頁確認","https://tour.colatour.com.tw/itinerary?PatternNo=243701","目前可作推薦排序資料使用"
"low","可樂旅遊","可樂旅遊-92","【雙主題體驗、早鳥享優惠】黃刀鎮極光(三晚)、特色極光營地、四大國家公園、露易絲湖城堡12日","黃刀鎮","10/27、11/07","has-flight-times","去程 長榮航空 BR：2026/10/13 23:00 台北(桃園) → 18:40 西雅圖；回程 長榮航空 BR：2026/10/23 00:30 西雅圖 → 04:20 台北(桃園)；實際以行前說明資料為準","報名狀態","verified","官方頁標題與商品名稱可對應；相似度 100%","partial","NT$165,800 起","來源列表未揭露；需進商品頁確認","https://tour.colatour.com.tw/itinerary?PatternNo=240798","目前可作推薦排序資料使用"
"low","可樂旅遊","可樂旅遊-93","北極圈幸福極光～羅浮敦群島、皮艇捕蟹體驗、馴鹿雪橇纜車、北極圈跨國列車12日","芬蘭","10/27、11/10、11/24","has-flight-times","去程 阿聯酋航空 EK：2026/10/27 23:00 台北(桃園) → 04:55 杜拜；回程 阿聯酋航空 EK：2026/11/07 03:40 杜拜 → 15:35 台北(桃園)；實際以行前說明資料為準","報名狀態","verified","官方頁標題與商品名稱可對應；相似度 100%","partial","NT$187,900 起","來源列表未揭露；需進商品頁確認","https://tour.colatour.com.tw/itinerary?PatternNo=238688","目前可作推薦排序資料使用"
"low","可樂旅遊","可樂旅遊-94","全球郵輪 台北出發 【美麗星世界、星辰公主號遊輪、早鳥優惠】阿拉斯加冰河雙重奏、白色隘口之旅、西雅圖漫遊趣、黃刀鎮幸福極光15日","黃刀鎮","09/19","has-flight-times","去程 星宇航空 JX：2026/09/19 20:10 台北(桃園) → 16:10 西雅圖；回程 星宇航空 JX：2026/10/02 01:15 西雅圖 → 04:55 台北(桃園)；實際以行前說明資料為準","報名狀態","verified","官方頁標題與商品名稱可對應；相似度 83%","partial","NT$194,900 起","來源列表未揭露；需進商品頁確認","https://tour.colatour.com.tw/itinerary?PatternNo=234295","目前可作推薦排序資料使用"
"low","可樂旅遊","可樂旅遊-95","全球郵輪 台北出發 【美麗星世界、星辰公主號遊輪、早鳥優惠】阿拉斯加冰河雙重奏、白色隘口之旅、西雅圖漫遊趣、黃刀鎮幸福極光15日","黃刀鎮","09/19","has-flight-times","去程 星宇航空 JX：2026/08/28 20:10 台北(桃園) → 16:35 西雅圖；回程 星宇航空 JX：2026/09/11 01:15 西雅圖 → 04:55 台北(桃園)；實際以行前說明資料為準","報名狀態","verified","官方頁標題與商品名稱可對應；相似度 38%","partial","NT$194,900 起","來源列表未揭露；需進商品頁確認","https://tour.colatour.com.tw/itinerary?PatternNo=234297","目前可作推薦排序資料使用"
"low","可樂旅遊","可樂旅遊-96","冰島幸福極光～溫泉冰河湖、冰川健行體驗、金環風景線、荷比雙城遊13日","冰島","10/13、10/20","has-flight-times","去程 長榮航空 BR：2026/10/13 07:30 台北(桃園) → 19:20 阿姆斯特丹；回程 長榮航空 BR：2026/10/24 21:40 阿姆斯特丹 → 20:10 台北(桃園)；實際以行前說明資料為準","報名狀態","verified","官方頁標題與商品名稱可對應；相似度 100%","partial","NT$202,900 起","來源列表未揭露；需進商品頁確認","https://tour.colatour.com.tw/itinerary?PatternNo=236899","目前可作推薦排序資料使用"
"low","可樂旅遊","可樂旅遊-97","冰島幸福極光～溫泉冰河湖、藍冰洞探險、金環風景線、荷蘭5D飛行遊船10日","冰島","11/20、11/22、11/29","has-flight-times","去程 中華航空 CI：2026/10/18 22:50 台北(桃園) → 07:40 阿姆斯特丹；回程 中華航空 CI：2026/10/26 10:40 阿姆斯特丹 → 06:25 台北(桃園)；實際以行前說明資料為準","報名狀態","verified","官方頁標題與商品名稱可對應；相似度 100%","partial","NT$160,900 起","來源列表未揭露；需進商品頁確認","https://tour.colatour.com.tw/itinerary?PatternNo=236119","目前可作推薦排序資料使用"
"low","可樂旅遊","可樂旅遊-98","冰島幸福極光～溫泉冰河湖、藍冰洞極光船、金環風景線、香榭巴黎住三晚11日","冰島","10/14、10/28、11/04","has-flight-times","去程 長榮航空 BR：2026/10/14 23:00 台北(桃園) → 07:45 戴高樂(巴黎)；回程 長榮航空 BR：2026/10/23 11:20 戴高樂(巴黎) → 07:05 台北(桃園)；實際以行前說明資料為準","報名狀態","verified","官方頁標題與商品名稱可對應；相似度 100%","partial","NT$183,900 起","來源列表未揭露；需進商品頁確認","https://tour.colatour.com.tw/itinerary?PatternNo=235934","目前可作推薦排序資料使用"
"low","可樂旅遊","可樂旅遊-99","冰島幸福極光～藍湖地熱溫泉、冰川健行體驗、金環風景線、冰島首都兩晚10日","冰島","12/16、12/30、02/17","has-flight-times","去程 長榮航空 BR：2026/12/16 23:25 台北(桃園) → 07:35 慕尼黑；回程 長榮航空 BR：2026/12/24 11:30 慕尼黑 → 06:30 台北(桃園)；實際以行前說明資料為準","報名狀態","verified","官方頁標題與商品名稱可對應；相似度 100%","partial","NT$148,900 起","來源列表未揭露；需進商品頁確認","https://tour.colatour.com.tw/itinerary?PatternNo=243553","目前可作推薦排序資料使用"
"low","可樂旅遊","可樂旅遊-100","冰島極光不思議～藍湖地熱溫泉、冰川健行體驗、金環風景線、兩晚住宿巴黎九日","冰島","10/20、11/03、11/09","has-flight-times","去程 長榮航空 BR：2026/10/20 23:30 台北(桃園) → 08:30 戴高樂(巴黎)；回程 長榮航空 BR：2026/10/27 11:20 戴高樂(巴黎) → 07:20 台北(桃園)；實際以行前說明資料為準","報名狀態","verified","官方頁標題與商品名稱可對應；相似度 100%","partial","NT$132,900 起","來源列表未揭露；需進商品頁確認","https://tour.colatour.com.tw/itinerary?PatternNo=237840","目前可作推薦排序資料使用"
"low","可樂旅遊","可樂旅遊-101","冰島極光喜迎春～溫泉冰河湖、藍冰洞極光船、金環風景線、香榭巴黎住兩晚10日","冰島","02/07","has-flight-times","去程 長榮航空 BR：2027/02/07 23:05 台北(桃園) → 08:00 戴高樂(巴黎)；回程 長榮航空 BR：2027/02/15 11:20 戴高樂(巴黎) → 07:20 台北(桃園)；實際以行前說明資料為準","報名狀態","verified","官方頁標題與商品名稱可對應；相似度 100%","partial","NT$201,900 起","來源列表未揭露；需進商品頁確認","https://tour.colatour.com.tw/itinerary?PatternNo=237585","目前可作推薦排序資料使用"
"low","可樂旅遊","可樂旅遊-102","玩美加族～阿拉斯加幸福極光之旅8日","阿拉斯加","02/02、02/03、02/07","has-flight-times","去程 長榮航空 BR：2026/09/06 23:40 台北(桃園) → 19:40 西雅圖；回程 長榮航空 BR：2026/09/12 01:30 西雅圖 → 05:00 台北(桃園)；實際以行前說明資料為準","報名狀態","verified","官方頁標題與商品名稱可對應；相似度 62%","partial","NT$119,900 起","來源列表未揭露；需進商品頁確認","https://tour.colatour.com.tw/itinerary?PatternNo=241464","目前可作推薦排序資料使用"
"low","可樂旅遊","可樂旅遊-103","玩美加族～黃刀鎮極光(三晚)、卡梅倫瀑布健行、西雅圖太空針塔、溫哥華漫遊10日","黃刀鎮","10/02","has-flight-times","去程 長榮航空 BR：2026/10/02 23:40 台北(桃園) → 19:40 西雅圖；回程 長榮航空 BR：2026/10/10 01:30 西雅圖 → 05:20 台北(桃園)；實際以行前說明資料為準","報名狀態","verified","官方頁標題與商品名稱可對應；相似度 100%","partial","NT$144,900 起","來源列表未揭露；需進商品頁確認","https://tour.colatour.com.tw/itinerary?PatternNo=240697","目前可作推薦排序資料使用"
"low","可樂旅遊","可樂旅遊-104","玩美加族～黃刀鎮極光(三晚)、狗拉雪橇體驗、西雅圖太空針塔、溫哥華漫遊10日","黃刀鎮","11/20、12/04、01/15","has-flight-times","去程 長榮航空 BR：2026/11/20 23:40 台北(桃園) → 18:10 西雅圖；回程 長榮航空 BR：2026/11/28 00:10 西雅圖 → 05:20 台北(桃園)；實際以行前說明資料為準","報名狀態","verified","官方頁標題與商品名稱可對應；相似度 100%","partial","NT$136,900 起","來源列表未揭露；需進商品頁確認","https://tour.colatour.com.tw/itinerary?PatternNo=242114","目前可作推薦排序資料使用"
"medium","可樂旅遊","可樂旅遊-105","芬蘭幸福極光～三晚玻璃極光屋、帝王蟹破冰船、星空夜臥火車、冰原歷險體驗11日","芬蘭","01/07、01/21、03/04","official-not-disclosed","可樂官方頁目前未公開完整航班；需以商品頁航班區或行前說明確認","預計航班、報名狀態","verified","官方頁標題與商品名稱可對應；相似度 100%","partial","NT$220,900 起","來源列表未揭露；需進商品頁確認","https://tour.colatour.com.tw/itinerary?PatternNo=238294","官方頁未公開完整航班；保留為可比較商品，但不得視為已完成航班查核"
"low","可樂旅遊","可樂旅遊-106","芬蘭幸福極光～兩晚玻璃極光屋、帝王蟹破冰船、星空夜臥火車、冰原歷險體驗11日","芬蘭","01/04、01/18、01/25","has-flight-times","去程 土耳其航空 TK：2027/01/04 22:00 台北(桃園) → 05:50 伊斯坦堡；回程 土耳其航空 TK：2027/01/14 01:55 伊斯坦堡 → 17:40 台北(桃園)；實際以行前說明資料為準","報名狀態","verified","官方頁標題與商品名稱可對應；相似度 100%","partial","NT$204,900 起","來源列表未揭露；需進商品頁確認","https://tour.colatour.com.tw/itinerary?PatternNo=238280","目前可作推薦排序資料使用"
"low","可樂旅遊","可樂旅遊-107","芬蘭幸福極光～兩晚玻璃極光屋、帝王蟹雪橇車、聖誕老人村、冰雪歷險體驗10日","芬蘭","11/30、12/03、12/07","has-flight-times","去程 土耳其航空 TK：2026/11/30 22:00 台北(桃園) → 05:50 伊斯坦堡；回程 土耳其航空 TK：2026/12/09 01:55 伊斯坦堡 → 17:40 台北(桃園)；實際以行前說明資料為準","報名狀態","verified","官方頁標題與商品名稱可對應；相似度 100%","partial","NT$189,900 起","來源列表未揭露；需進商品頁確認","https://tour.colatour.com.tw/itinerary?PatternNo=238296","目前可作推薦排序資料使用"
"low","可樂旅遊","可樂旅遊-108","芬蘭幸福極光～兩晚極光屋、波羅的海遊輪、聖誕老人村、星空夜臥火車10日","芬蘭","12/07、01/16、02/20","has-flight-times","去程 阿聯酋航空 EK：2026/12/07 23:00 台北(桃園) → 04:55 杜拜；回程 阿聯酋航空 EK：2026/12/16 03:40 杜拜 → 15:35 台北(桃園)；實際以行前說明資料為準","報名狀態","verified","官方頁標題與商品名稱可對應；相似度 100%","partial","NT$172,900 起","來源列表未揭露；需進商品頁確認","https://tour.colatour.com.tw/itinerary?PatternNo=238714","目前可作推薦排序資料使用"
"low","可樂旅遊","可樂旅遊-109","芬蘭幸福極光～兩晚極光屋、波羅的海遊輪、聖誕老人村、星空夜臥火車九日","芬蘭","10/29、11/16、11/19","has-flight-times","去程 土耳其航空 TK：2026/10/22 21:45 台北(桃園) → 05:10 伊斯坦堡；回程 土耳其航空 TK：2026/10/30 01:55 伊斯坦堡 → 17:40 台北(桃園)；實際以行前說明資料為準","報名狀態","verified","官方頁標題與商品名稱可對應；相似度 100%","partial","NT$139,900 起","來源列表未揭露；需進商品頁確認","https://tour.colatour.com.tw/itinerary?PatternNo=236816","目前可作推薦排序資料使用"
"low","可樂旅遊","可樂旅遊-110","芬蘭幸福極光～兩晚極光屋、聖誕老人村、星空夜臥火車、野生動物園10日","芬蘭","11/16、11/23","has-flight-times","去程 星宇航空 JX：2026/11/17 00:05 台北(桃園) → 08:15 布拉格；回程 星宇航空 JX：2026/11/24 10:25 布拉格 → 05:20 台北(桃園)；實際以行前說明資料為準","報名狀態","verified","官方頁標題與商品名稱可對應；相似度 100%","partial","NT$149,900 起","來源列表未揭露；需進商品頁確認","https://tour.colatour.com.tw/itinerary?PatternNo=243623","目前可作推薦排序資料使用"
"low","可樂旅遊","可樂旅遊-111","芬蘭幸福極光～兩晚極光屋、聖誕老人村、星空夜臥火車、野生動物園12日","芬蘭","11/18","has-flight-times","去程 長榮航空 BR：2026/11/18 23:55 台北(桃園) → 07:35 慕尼黑；回程 長榮航空 BR：2026/11/28 12:00 慕尼黑 → 06:50 台北(桃園)；實際以行前說明資料為準","報名狀態","verified","官方頁標題與商品名稱可對應；相似度 100%","partial","NT$180,900 起","來源列表未揭露；需進商品頁確認","https://tour.colatour.com.tw/itinerary?PatternNo=243546","目前可作推薦排序資料使用"
"low","可樂旅遊","可樂旅遊-112","芬蘭幸福極光～玻璃極光屋、帝王蟹雪橇車、聖誕老人村、冰雪歷險體驗10日","芬蘭","11/26、12/24、12/28","has-flight-times","去程 土耳其航空 TK：2026/11/26 22:00 台北(桃園) → 05:50 伊斯坦堡；回程 土耳其航空 TK：2026/12/05 01:55 伊斯坦堡 → 17:40 台北(桃園)；實際以行前說明資料為準","報名狀態","verified","官方頁標題與商品名稱可對應；相似度 100%","partial","NT$177,900 起","來源列表未揭露；需進商品頁確認","https://tour.colatour.com.tw/itinerary?PatternNo=238631","目前可作推薦排序資料使用"
"low","可樂旅遊","可樂旅遊-113","芬蘭幸福極光～玻璃極光屋、帝王蟹雪橇車、聖誕老人村、星空夜臥火車11日","芬蘭","10/25、11/22、12/06","has-flight-times","去程 長榮航空 BR：2026/10/25 23:30 台北(桃園) → 08:00 戴高樂(巴黎)；回程 長榮航空 BR：2026/11/03 11:20 戴高樂(巴黎) → 07:20 台北(桃園)；實際以行前說明資料為準","報名狀態","verified","官方頁標題與商品名稱可對應；相似度 100%","partial","NT$168,900 起","來源列表未揭露；需進商品頁確認","https://tour.colatour.com.tw/itinerary?PatternNo=237819","目前可作推薦排序資料使用"
"low","可樂旅遊","可樂旅遊-114","芬蘭幸福極光～玻璃極光屋、聖誕老人村、星空夜臥火車、冰原歷險體驗10日","芬蘭","01/07、01/10、02/14","has-flight-times","去程 長榮航空 BR：2027/01/07 23:55 台北(桃園) → 07:35 馬潘莎(米蘭)；回程 長榮航空 BR：2027/01/15 11:15 馬潘莎(米蘭) → 06:05 台北(桃園)；實際以行前說明資料為準","報名狀態","verified","官方頁標題與商品名稱可對應；相似度 100%","partial","NT$168,900 起","來源列表未揭露；需進商品頁確認","https://tour.colatour.com.tw/itinerary?PatternNo=243578","目前可作推薦排序資料使用"
"medium","可樂旅遊","可樂旅遊-115","芬蘭幸福極光～森林極光樹屋、波羅的海遊輪、聖誕老人村、星空夜臥火車10日","芬蘭","01/30","official-not-disclosed","可樂官方頁目前未公開完整航班；需以商品頁航班區或行前說明確認","預計航班、報名狀態","verified","官方頁標題與商品名稱可對應；相似度 100%","partial","NT$188,900 起","來源列表未揭露；需進商品頁確認","https://tour.colatour.com.tw/itinerary?PatternNo=240775","官方頁未公開完整航班；保留為可比較商品，但不得視為已完成航班查核"
"low","可樂旅遊","可樂旅遊-116","芬蘭幸福極光～森林極光樹屋、破冰船龍蝦裝、聖誕老人村、星空夜臥火車10日","芬蘭","01/11、02/13","has-flight-times","去程 阿聯酋航空 EK：2027/01/11 23:00 台北(桃園) → 04:55 杜拜；回程 阿聯酋航空 EK：2027/01/19 15:50 赫爾辛基 → 00:20 杜拜；實際以行前說明資料為準","報名狀態","verified","官方頁標題與商品名稱可對應；相似度 100%","partial","NT$168,900 起","來源列表未揭露；需進商品頁確認","https://tour.colatour.com.tw/itinerary?PatternNo=240804","目前可作推薦排序資料使用"
"medium","可樂旅遊","可樂旅遊-117","芬蘭幸福極光～聖誕老人村、星空夜臥火車、冰原歷險體驗、乙晚五星飯店10日","芬蘭","12/28","official-not-disclosed","可樂官方頁目前未公開完整航班；需以商品頁航班區或行前說明確認","預計航班、報名狀態","verified","官方頁標題與商品名稱可對應；相似度 100%","partial","NT$162,900 起","來源列表未揭露；需進商品頁確認","https://tour.colatour.com.tw/itinerary?PatternNo=242437","官方頁未公開完整航班；保留為可比較商品，但不得視為已完成航班查核"
"low","可樂旅遊","可樂旅遊-118","芬蘭挪威、幸福極光～帝王蟹雪橇車、極地破冰巡航、冰原歷險體驗、北極圈極光船12日","芬蘭","01/19、02/23","has-flight-times","去程 阿聯酋航空 EK：2027/01/19 23:00 台北(桃園) → 04:55 杜拜；回程 阿聯酋航空 EK：2027/01/30 03:40 杜拜 → 15:35 台北(桃園)；實際以行前說明資料為準","報名狀態","verified","官方頁標題與商品名稱可對應；相似度 100%","partial","NT$209,900 起","來源列表未揭露；需進商品頁確認","https://tour.colatour.com.tw/itinerary?PatternNo=238971","目前可作推薦排序資料使用"
"low","可樂旅遊","可樂旅遊-119","芬蘭挪威、幸福極光～海濱別墅極光屋、破冰船帝王蟹、冰原歷險纜車、聖誕老人極光船12日","芬蘭","03/09","has-flight-times","去程 阿聯酋航空 EK：2026/12/01 23:00 台北(桃園) → 04:55 杜拜；回程 阿聯酋航空 EK：2026/12/12 03:40 杜拜 → 15:35 台北(桃園)；實際以行前說明資料為準","報名狀態","verified","官方頁標題與商品名稱可對應；相似度 71%","partial","NT$215,900 起","來源列表未揭露；需進商品頁確認","https://tour.colatour.com.tw/itinerary?PatternNo=238713","目前可作推薦排序資料使用"
"low","可樂旅遊","可樂旅遊-120","芬蘭挪威、幸福極光～海濱別墅極光屋、極地帝王蟹、極圈麥當勞纜車、聖誕老人極光船12日","芬蘭","10/20、11/03","has-flight-times","去程 阿聯酋航空 EK：2026/10/20 23:00 台北(桃園) → 04:55 杜拜；回程 阿聯酋航空 EK：2026/10/31 03:40 杜拜 → 15:35 台北(桃園)；實際以行前說明資料為準","報名狀態","verified","官方頁標題與商品名稱可對應；相似度 100%","partial","NT$191,900 起","來源列表未揭露；需進商品頁確認","https://tour.colatour.com.tw/itinerary?PatternNo=239090","目前可作推薦排序資料使用"
"low","可樂旅遊","可樂旅遊-121","芬蘭挪威、幸福極光～極地帝王蟹、極圈麥當勞纜車、聖誕老人極光船12日","芬蘭","11/17","has-flight-times","去程 阿聯酋航空 EK：2026/11/17 23:00 台北(桃園) → 04:55 杜拜；回程 阿聯酋航空 EK：2026/11/28 03:40 杜拜 → 15:35 台北(桃園)；實際以行前說明資料為準","報名狀態","verified","官方頁標題與商品名稱可對應；相似度 100%","partial","NT$191,900 起","來源列表未揭露；需進商品頁確認","https://tour.colatour.com.tw/itinerary?PatternNo=239093","目前可作推薦排序資料使用"
"low","可樂旅遊","可樂旅遊-122","芬蘭極光不思議～極光海濱別墅、聖誕老人村、冰雪體驗動物園、星空夜臥火車八日","芬蘭","10/19、10/26、11/02","has-flight-times","去程 上海吉祥航空 HO：2026/10/19 12:15 台北(桃園) → 14:15 上海(浦東)；回程 上海吉祥航空 HO：2026/10/26 09:35 上海(浦東) → 11:35 台北(桃園)；實際以行前說明資料為準","報名狀態","verified","官方頁標題與商品名稱可對應；相似度 100%","partial","NT$95,900 起","來源列表未揭露；需進商品頁確認","https://tour.colatour.com.tw/itinerary?PatternNo=238295","目前可作推薦排序資料使用"
"low","可樂旅遊","可樂旅遊-123","芬蘭極光喜迎春～三晚玻璃極光屋、帝王蟹破冰船、星空夜臥火車、冰原歷險體驗11日","芬蘭","02/02","has-flight-times","去程 阿聯酋航空 EK：2027/02/02 23:00 台北(桃園) → 04:55 杜拜；回程 阿聯酋航空 EK：2027/02/12 03:40 杜拜 → 15:35 台北(桃園)；實際以行前說明資料為準","報名狀態","verified","官方頁標題與商品名稱可對應；相似度 100%","partial","NT$242,900 起","來源列表未揭露；需進商品頁確認","https://tour.colatour.com.tw/itinerary?PatternNo=241060","目前可作推薦排序資料使用"
"low","可樂旅遊","可樂旅遊-124","芬蘭極光喜迎春～兩晚玻璃極光屋、帝王蟹破冰船、星空夜臥火車、冰原歷險體驗11日","芬蘭","02/01、02/08","has-flight-times","去程 土耳其航空 TK：2027/02/01 22:00 台北(桃園) → 05:50 伊斯坦堡；回程 土耳其航空 TK：2027/02/11 01:55 伊斯坦堡 → 17:40 台北(桃園)；實際以行前說明資料為準","報名狀態","verified","官方頁標題與商品名稱可對應；相似度 100%","partial","NT$231,900 起","來源列表未揭露；需進商品頁確認","https://tour.colatour.com.tw/itinerary?PatternNo=241067","目前可作推薦排序資料使用"
"low","可樂旅遊","可樂旅遊-125","阿拉斯加極光～玻璃極光屋乙晚、三晚追逐極光、狗拉雪橇體驗、珍娜溫泉泡湯八日","阿拉斯加","01/16、01/24、02/14","has-flight-times","去程 長榮航空 BR：2027/01/16 23:00 台北(桃園) → 17:30 西雅圖；回程 長榮航空 BR：2027/01/21 23:30 西雅圖 → 04:40+2 台北(桃園)；實際以行前說明資料為準","報名狀態","verified","官方頁標題與商品名稱可對應；相似度 100%","partial","NT$116,800 起","來源列表未揭露；需進商品頁確認","https://tour.colatour.com.tw/itinerary?PatternNo=240874","目前可作推薦排序資料使用"
"low","可樂旅遊","可樂旅遊-126","美麗星世界～阿拉斯加極光(三晚)、冬季極光列車、冰川健行體驗、珍娜溫泉度假村10日","阿拉斯加","10/14、10/28、11/04","has-flight-times","去程 星宇航空 JX：2026/09/30 20:10 台北(桃園) → 16:10 西雅圖；回程 星宇航空 JX：2026/10/08 01:15 西雅圖 → 04:55 台北(桃園)；實際以行前說明資料為準","報名狀態","verified","官方頁標題與商品名稱可對應；相似度 100%","partial","NT$137,900 起","來源列表未揭露；需進商品頁確認","https://tour.colatour.com.tw/itinerary?PatternNo=236949","目前可作推薦排序資料使用"
"low","可樂旅遊","可樂旅遊-127","美麗星世界～黃刀鎮極光(三晚)、三大國家公園、露易絲湖城堡、西雅圖夜未眠12日","黃刀鎮","01/13、02/02、02/03","has-flight-times","去程 星宇航空 JX：2026/11/25 20:30 台北(桃園) → 15:05 西雅圖；回程 星宇航空 JX：2026/12/05 23:45 西雅圖 → 04:55+2 台北(桃園)；實際以行前說明資料為準","報名狀態","verified","官方頁標題與商品名稱可對應；相似度 100%","partial","NT$168,900 起","來源列表未揭露；需進商品頁確認","https://tour.colatour.com.tw/itinerary?PatternNo=243463","目前可作推薦排序資料使用"
"low","可樂旅遊","可樂旅遊-128","華麗美洲、阿拉斯加極光～冬季極光列車、冰川健行體驗、西雅圖城市遊10日","阿拉斯加","09/24、10/01、10/22","has-flight-times","去程 中華航空 CI：2026/09/24 23:30 台北(桃園) → 19:30 西雅圖；回程 中華航空 CI：2026/10/02 01:10 西雅圖 → 05:05 台北(桃園)；實際以行前說明資料為準","報名狀態","verified","官方頁標題與商品名稱可對應；相似度 100%","partial","NT$140,900 起","來源列表未揭露；需進商品頁確認","https://tour.colatour.com.tw/itinerary?PatternNo=242250","目前可作推薦排序資料使用"
"low","可樂旅遊","可樂旅遊-129","華麗美洲～黃刀鎮極光(三晚)、狗拉雪橇體驗、三大國家公園、溫哥華漫遊11日","黃刀鎮","11/16、11/26、12/03","has-flight-times","去程 中華航空 CI：2026/11/16 23:55 台北(桃園) → 19:20 溫哥華；回程 中華航空 CI：2026/11/25 01:35 溫哥華 → 05:40 台北(桃園)；實際以行前說明資料為準","報名狀態","verified","官方頁標題與商品名稱可對應；相似度 100%","partial","NT$153,900 起","來源列表未揭露；需進商品頁確認","https://tour.colatour.com.tw/itinerary?PatternNo=242165","目前可作推薦排序資料使用"
"low","可樂旅遊","可樂旅遊-130","舞動的精靈～阿拉斯加極光、三晚極光旅行、狗拉雪橇體驗、珍娜溫泉泡湯八日","阿拉斯加","12/02、01/17、01/23","has-flight-times","去程 星宇航空 JX：2026/12/02 20:30 台北(桃園) → 15:05 西雅圖；回程 星宇航空 JX：2026/12/07 23:45 西雅圖 → 04:55+2 台北(桃園)；實際以行前說明資料為準","報名狀態","verified","官方頁標題與商品名稱可對應；相似度 100%","partial","NT$109,800 起","來源列表未揭露；需進商品頁確認","https://tour.colatour.com.tw/itinerary?PatternNo=242356","目前可作推薦排序資料使用"
"low","可樂旅遊","可樂旅遊-131","舞動的精靈～黃刀鎮極光(三晚)、狗拉雪橇體驗、愛戀溫哥華、浪漫西雅圖10日","黃刀鎮","11/21、11/28、12/02","has-flight-times","去程 中華航空 CI：2026/11/21 23:35 台北(桃園) → 18:10 西雅圖；回程 中華航空 CI：2026/11/29 00:10 西雅圖 → 05:20 台北(桃園)；實際以行前說明資料為準","報名狀態","verified","官方頁標題與商品名稱可對應；相似度 100%","partial","NT$136,800 起","來源列表未揭露；需進商品頁確認","https://tour.colatour.com.tw/itinerary?PatternNo=243245","目前可作推薦排序資料使用"
"low","可樂旅遊","可樂旅遊-132","舞動的精靈～黃刀鎮極光(三晚)、特色極光營地、愛戀溫哥華、浪漫西雅圖10日","黃刀鎮","09/11、09/26、10/01","has-flight-times","去程 長榮航空 BR：2026/09/05 23:00 台北(桃園) → 19:00 西雅圖；回程 長榮航空 BR：2026/09/13 00:30 西雅圖 → 04:00 台北(桃園)；實際以行前說明資料為準","報名狀態","verified","官方頁標題與商品名稱可對應；相似度 100%","partial","NT$136,800 起","來源列表未揭露；需進商品頁確認","https://tour.colatour.com.tw/itinerary?PatternNo=235664","目前可作推薦排序資料使用"
"low","可樂旅遊","可樂旅遊-133","魅力歐洲、繽紛北歐～魔幻冰島、芬蘭極地秘境、賞極光旗艦14日","芬蘭","11/03、11/17、12/01","has-flight-times","去程 長榮航空 BR：2026/11/03 08:05 台北(桃園) → 19:20 希斯洛(倫敦)；回程 長榮航空 BR：2026/11/15 11:20 戴高樂(巴黎) → 07:20 台北(桃園)；實際以行前說明資料為準","報名狀態","verified","官方頁標題與商品名稱可對應；相似度 100%","partial","NT$270,900 起","來源列表未揭露；需進商品頁確認","https://tour.colatour.com.tw/itinerary?PatternNo=241777","目前可作推薦排序資料使用"
"medium","五福旅遊","五福旅遊-134","玩美加族 阿拉斯加極光８日~極光小屋、入住珍娜溫泉飯店（長榮航空) 北極村聖誕老人村 費爾班【夜間極光欣賞】","阿拉斯加","09/27 日 已成團、10/04 日 可售22人、10/18 日 已成團、11/08 日 可售22人、11/22 日 可售22人","airline-or-partial-only","長榮航空；完整航段仍以商品頁為準","無","verified","官方頁標題與商品名稱可對應；相似度 100%","available","NT$116,900 起","可售6人、可售22人、可售11人、已成團","https://tour.lifetour.com.tw/detail?mg=SEA08BRT01&sg=SEA08BR26927T01","已取得航空公司或部分航班線索；需補完整航段與時間"
"medium","五福旅遊","五福旅遊-135","玩美加族 阿拉斯加極光金色大地８日~入住珍娜溫泉飯店（長榮航空) 北極村聖誕老人村 費爾班【夜間極光欣賞】","阿拉斯加","09/06 日 已成團","airline-or-partial-only","長榮航空；完整航段仍以商品頁為準","無","verified","官方頁標題與商品名稱可對應；相似度 100%","available","NT$119,900 起","可售7人、已成團","https://tour.lifetour.com.tw/detail?mg=SEA08BRT04&sg=SEA08BR26906T01","已取得航空公司或部分航班線索；需補完整航段與時間"
"medium","五福旅遊","五福旅遊-136","玩美加族 Chill愛黃刀極光秋季10日～玻璃帳篷、卡梅倫瀑布健行 黃刀鎮賞極光3晚 BBQ饗宴 西雅圖太空針塔 溫哥華","黃刀鎮","09/04 五 已成團、10/02 五 候補、10/09 五 候補","airline-or-partial-only","台北-桃園機場／長榮航空；完整航段與飛行時間需進商品頁確認","預計航班","verified","官方頁標題與商品名稱可對應；相似度 100%","partial","NT$138,900 起","可售4人、已成團、候補","https://tour.lifetour.com.tw/detail?mg=SEA10BRT07&sg=SEA10BR26904T01","已取得航空公司或部分航班線索；需補完整航段與時間"
"medium","五福旅遊","五福旅遊-137","芬蘭極光10天-北極特快車、極地探索、聖誕老人村、極光屋住宿 極光屋住宿 聖誕老人村 北極特快車 極地探索 馴鹿牧場之旅 哈士奇拉雪橇","芬蘭","10/11 日 可售19人、10/25 日 可售11人、11/06 五 可售19人","airline-or-partial-only","台北-桃園機場／阿聯酋航空；完整航段與飛行時間需進商品頁確認","預計航班","verified","官方頁標題與商品名稱可對應；相似度 100%","partial","NT$134,900 起","可售19人、可售11人","https://tour.lifetour.com.tw/detail?mg=ARN10EKT03&sg=ARN10EK26O11T01","已取得航空公司或部分航班線索；需補完整航段與時間"
"medium","五福旅遊","五福旅遊-138","美麗星世界 阿拉斯加極光(三晚)、珍娜溫泉度假村10日(星宇航空) 極光小屋三晚 冬季極光列車 冰川健行 珍娜溫泉度假村","阿拉斯加","10/14 三 可售29人、10/28 三 已成團、11/04 三 可售21人、11/11 三 候補、11/18 三 可售31人","airline-or-partial-only","星宇航空；完整航段仍以商品頁為準","無","verified","官方頁標題與商品名稱可對應；相似度 100%","available","NT$137,900 起","可售29人、可售13人、可售21人、可售31人、已成團、候補","https://tour.lifetour.com.tw/detail?mg=SEA10JXT01&sg=SEA10JX26O14T01","已取得航空公司或部分航班線索；需補完整航段與時間"
"medium","五福旅遊","五福旅遊-139","美麗星世界 星辰公主遊輪～阿拉斯加冰河雙重奏、黃刀鎮幸福極光15日 鮭魚之都~凱契根 伐木工人秀 朱諾 棉田豪冰河","黃刀鎮","09/19 六 已成團","airline-or-partial-only","台北-桃園機場／星宇航空／加拿大航空；完整航段與飛行時間需進商品頁確認","預計航班","verified","官方頁標題與商品名稱可對應；相似度 100%","partial","NT$194,900 起","可售18人、已成團","https://tour.lifetour.com.tw/detail?mg=SEA15JXPAK01&sg=SEA15JX26919T01","已取得航空公司或部分航班線索；需補完整航段與時間"
"medium","五福旅遊","五福旅遊-140","美麗星世界 尋夢公主遊輪～阿拉斯加冰河三重奏、追逐幸福極光16日 雙景觀火車 丹奈利國家公園","阿拉斯加","08/28 五 已成團","airline-or-partial-only","台北-桃園機場／星宇航空；完整航段與飛行時間需進商品頁確認","預計航班","verified","官方頁標題與商品名稱可對應；相似度 100%","partial","NT$236,900 起","可售19人、已成團","https://tour.lifetour.com.tw/detail?mg=SEA16JXPAK01&sg=SEA16JX26828T01","已取得航空公司或部分航班線索；需補完整航段與時間"
"medium","五福旅遊","五福旅遊-141","紐西蘭南極光10日～升等奧克蘭五星酒店一晚、螢火蟲洞 紐航直飛 拉納克城堡 登山纜車 箭鎮","紐西蘭南極光","08/25 二 候補、09/10 四 候補、10/13 二 可售20人","airline-or-partial-only","台北-桃園機場／紐西蘭航空；完整航段與飛行時間需進商品頁確認","預計航班","verified","官方頁標題與商品名稱可對應；相似度 100%","partial","NT$159,800 起","可售20人、候補","https://tour.lifetour.com.tw/detail?mg=AKL10NZT03&sg=AKL10NZ26825T02","已取得航空公司或部分航班線索；需補完整航段與時間"
"medium","五福旅遊","五福旅遊-142","追尋南極光·塔斯馬尼亞+雪墨9日-搖籃山、酒杯灣、童話小鎮 純淨塔斯馬尼亞 雪墨雙城起訖 搖籃山國家公園 十大最美酒杯灣 野生塔州惡魔 德文特河遊船","紐西蘭南極光","08/26 三 可售21人、09/08 二 可售21人、10/28 三 可售21人、02/09 二 可售21人、03/23 二 可售21人","airline-or-partial-only","台北-桃園機場／中華航空；完整航段與飛行時間需進商品頁確認","預計航班","verified","官方頁標題與商品名稱可對應；相似度 100%","partial","NT$112,900 起","可售21人","https://tour.lifetour.com.tw/detail?mg=SYD09CIK01&sg=SYD09CI26826K02","已取得航空公司或部分航班線索；需補完整航段與時間"
"medium","五福旅遊","五福旅遊-143","追尋南極光·塔斯馬尼亞+墨雪9日-搖籃山、酒杯灣、童話小鎮 純淨塔斯馬尼亞 墨雪雙城起訖 搖籃山國家公園 十大最美酒杯灣 野生塔州惡魔 德文特河遊船","紐西蘭南極光","11/09 一 可售21人、03/04 四 可售21人","airline-or-partial-only","台北-桃園機場／中華航空；完整航段與飛行時間需進商品頁確認","預計航班","verified","官方頁標題與商品名稱可對應；相似度 100%","partial","NT$112,900 起","可售21人","https://tour.lifetour.com.tw/detail?mg=MEL09CIK02&sg=MEL09CI26N09K02","已取得航空公司或部分航班線索；需補完整航段與時間"
"medium","五福旅遊","五福旅遊-144","華麗美洲 阿拉斯加~冰川健行、極光列車、珍娜溫泉泡湯、西雅圖10日 三晚極光觀測 珍娜溫泉度假村 聖誕老⼈之村 北⽅極地博物館","阿拉斯加","09/24 四 可售23人、10/01 四 可售23人、10/08 四 候補、10/22 四 候補、11/19 四 可售31人","airline-or-partial-only","台北-桃園機場／中華航空；完整航段與飛行時間需進商品頁確認","預計航班","verified","官方頁標題與商品名稱可對應；相似度 100%","partial","NT$140,900 起","可售23人、可售31人、候補","https://tour.lifetour.com.tw/detail?mg=SEA10CIT01&sg=SEA10CI26924T01","已取得航空公司或部分航班線索；需補完整航段與時間"
"medium","五福旅遊","五福旅遊-145","魅力歐洲 北歐極光11天－捕帝王蟹、冰上漂浮、玻璃屋、極光特快車、巴黎","芬蘭","11/09 一 可售25人、11/23 一 可售25人","airline-or-partial-only","台北-桃園機場／長榮航空；完整航段與飛行時間需進商品頁確認","預計航班","verified","官方頁標題與商品名稱可對應；相似度 100%","partial","NT$179,900 起","可售25人","https://tour.lifetour.com.tw/detail?mg=OSL11BRT2602&sg=OSL11BR26N09T01","已取得航空公司或部分航班線索；需補完整航段與時間"
"medium","五福旅遊","五福旅遊-146","魅力歐洲 北歐極光11天－捕帝王蟹、冰上漂浮、玻璃屋、詩麗雅號、慕尼黑","芬蘭","11/01 日 可售25人、11/15 日 可售25人","airline-or-partial-only","台北-桃園機場／長榮航空；完整航段與飛行時間需進商品頁確認","預計航班","verified","官方頁標題與商品名稱可對應；相似度 100%","partial","NT$179,900 起","可售25人","https://tour.lifetour.com.tw/detail?mg=OSL11BRT2603&sg=OSL11BR26N01T01","已取得航空公司或部分航班線索；需補完整航段與時間"
"medium","五福旅遊","五福旅遊-147","魅力歐洲 冰島巴黎10日－極光遊船、金環之旅、冰洞、露天溫泉、巴黎","冰島","10/25 日 可售16人、11/06 五 可售23人、11/08 日 可售23人、11/14 六 可售16人、11/15 日 可售25人","airline-or-partial-only","台北-桃園機場／長榮航空；完整航段與飛行時間需進商品頁確認","預計航班","verified","官方頁標題與商品名稱可對應；相似度 100%","partial","NT$173,900 起","可售16人、可售23人、可售25人","https://tour.lifetour.com.tw/detail?mg=KEF10BR26TQ4&sg=KEF10BR26O25T01","已取得航空公司或部分航班線索；需補完整航段與時間"
"medium","五福旅遊","五福旅遊-148","魅力歐洲 冰島英倫9天－極光遊船、金環三合一、冰洞、露天溫泉","冰島","11/07 六 可售25人、11/21 六 可售25人、12/05 六 可售25人、02/13 六 可售25人、03/11 四 可售25人","airline-or-partial-only","台北-桃園機場／長榮航空；完整航段與飛行時間需進商品頁確認","預計航班","verified","官方頁標題與商品名稱可對應；相似度 100%","partial","NT$179,900 起","可售25人","https://tour.lifetour.com.tw/detail?mg=KEF09BRT26Q4&sg=KEF09BR26N07T01","已取得航空公司或部分航班線索；需補完整航段與時間"
"medium","五福旅遊","五福旅遊-149","魅力歐洲 冰島荷蘭9日－極光遊船、金環之旅、冰洞、露天溫泉、荷蘭","冰島","10/27 二 可售25人、11/10 二 可售25人、11/24 二 可售25人、01/19 二 可售25人、02/16 二 可售25人","airline-or-partial-only","台北-桃園機場／長榮航空；完整航段與飛行時間需進商品頁確認","預計航班","verified","官方頁標題與商品名稱可對應；相似度 100%","partial","NT$172,900 起","可售25人","https://tour.lifetour.com.tw/detail?mg=KEF09BR26TAA&sg=KEF09BR26O27T01","已取得航空公司或部分航班線索；需補完整航段與時間"
"medium","五福旅遊","五福旅遊-150","魅力歐洲 璀璨北歐12日－極光列車、極光屋、雪上摩托車、破冰船、慕尼黑","芬蘭","11/04 三 可售17人、11/18 三 可售17人、12/02 三 可售22人、12/16 三 可售19人、12/30 三 可售25人","airline-or-partial-only","台北-桃園機場／長榮航空；完整航段與飛行時間需進商品頁確認","預計航班","verified","官方頁標題與商品名稱可對應；相似度 100%","partial","NT$208,900 起","可售17人、可售22人、可售19人、可售25人","https://tour.lifetour.com.tw/detail?mg=OSL12BRT026&sg=OSL12BR26N04T01","已取得航空公司或部分航班線索；需補完整航段與時間"
"medium","五福旅遊","五福旅遊-151","魅力歐洲 繽紛北歐14日－冰島、芬蘭極地秘境、賞極光、聖誕老人村、巴黎","芬蘭","11/03 二 可售16人、11/17 二 可售17人、12/01 二 可售13人、01/26 二 可售25人、02/05 五 可售25人","airline-or-partial-only","台北-桃園機場／長榮航空；完整航段與飛行時間需進商品頁確認","預計航班","verified","官方頁標題與商品名稱可對應；相似度 100%","partial","NT$270,900 起","可售16人、可售17人、可售13人、可售25人","https://tour.lifetour.com.tw/detail?mg=KEF14BRT026&sg=KEF14BR26N03T01","已取得航空公司或部分航班線索；需補完整航段與時間"
"medium","喜鴻旅遊","喜鴻旅遊-156","【美麗星世界．阿拉斯加極光１０日】極光列車、冰川健行、珍娜溫泉度假村、三晚極光","阿拉斯加","10/07、10/14、10/28","reference-route-no-time","參考航班：去程 星宇航空 JX32，桃園(TPE) → 西雅圖(SEA)；回程 星宇航空 JX31，西雅圖(SEA) → 桃園(TPE)；此商品為聯營團，公開同款頁面可核對 JX32/JX31，實際日期與時間以喜鴻商品頁或行前說明資料為準","報名狀態","verified","官方頁標題與商品名稱可對應；相似度 100%","partial","TWD 137,900 起","來源列表未揭露；需進商品頁確認","https://www.besttour.com.tw/itinerary/AKZ10JX261007PAKA","已有參考航班或航線；需補正式時間"
"medium","鳳凰旅遊","鳳凰旅遊-170","華麗美洲 阿拉斯加│冰川健行、極光列車、珍娜溫泉泡湯、極光之城費爾班克斯、西雅圖城市遊１０日","阿拉斯加","2026.09.24 四、2026.10.01 四、2026.10.22 四","reference-route-no-time","參考航班：去程 中華航空 CI22，桃園國際機場(TPE) → 西雅圖-塔科馬機場(SEA)；回程 中華航空 CI21，西雅圖-塔科馬機場(SEA) → 桃園國際機場(TPE)；同款公開頁可核對 CI22/CI21，實際日期與時間以鳳凰商品頁或行前說明資料為準","無","verified","官方頁標題與商品名稱可對應；相似度 96%","available","NT$140,900","報名、暫滿 候補","https://www.travel.com.tw/TOU/TOU0020/ENN1000144/ENN091510CI26A","已有參考航班或航線；需補正式時間"
"medium","長汎旅遊","長汎旅遊-175","紐西蘭戀上南極光10日 來紐西蘭看浪漫南極光‧升等奧克蘭五星酒店乙晚‧南島全程三排椅","紐西蘭南極光","09/10","partial-flight-text","紐西蘭航空；官方頁直連受防護頁阻擋，完整航段需以瀏覽器查核或行前說明資料為準","無","verified","官方頁標題與商品名稱可對應；相似度 100%","available","NT$159,800","已成團/來源列表需確認","https://www.everfuntravel.com/globaltour/detail/NSP26910NZ10TB","目前可作推薦排序資料使用"
